program_id,program_name,program_type,start_date,end_date,target_job_level,program_status
P001,Leadership Development 01,Leadership Development,2025-12-05,2026-02-24,L2,Completed
P002,Technical Upskilling 02,Technical Upskilling,2024-08-10,2024-12-26,L3,Completed
P003,Mentorship 03,Mentorship,2025-10-14,2025-12-07,L6,Completed
P004,Career Development 04,Career Development,2025-09-16,2026-02-21,L5,Completed
P005,Manager Training 05,Manager Training,2025-04-25,2025-08-10,L3,Completed
P006,Leadership Development 06,Leadership Development,2025-05-02,2025-08-19,L3,Completed
P007,Technical Upskilling 07,Technical Upskilling,2024-08-21,2024-10-21,L2,Completed
P008,Mentorship 08,Mentorship,2024-06-15,2024-11-16,L4,Completed
P009,Career Development 09,Career Development,2024-07-19,2025-01-02,L3,Completed
P010,Manager Training 10,Manager Training,2024-06-30,2024-08-29,L4,Completed
P011,Leadership Development 11,Leadership Development,2024-09-30,2025-03-28,L2,Completed
P012,Technical Upskilling 12,Technical Upskilling,2025-05-06,2025-07-06,L4,Completed
P013,Mentorship 13,Mentorship,2025-06-02,2025-08-05,L6,Completed
P014,Career Development 14,Career Development,2026-09-02,2026-12-31,L3,Completed
P015,Manager Training 15,Manager Training,2025-03-14,2025-06-20,L2,Completed
P016,Leadership Development 16,Leadership Development,2024-08-10,2024-12-19,L4,Completed
P017,Technical Upskilling 17,Technical Upskilling,2024-03-13,2024-07-23,L6,Completed
P018,Mentorship 18,Mentorship,2026-04-22,2026-07-25,L3,Completed
P019,Career Development 19,Career Development,2025-12-14,2026-05-24,L4,Completed
P020,Manager Training 20,Manager Training,2025-10-08,2026-01-23,L6,Completed
P021,Leadership Development 21,Leadership Development,2025-01-12,2025-03-30,L2,Completed
P022,Technical Upskilling 22,Technical Upskilling,2024-11-26,2025-01-20,L2,Completed
P023,Mentorship 23,Mentorship,2025-05-24,2025-09-11,L3,Completed
P024,Career Development 24,Career Development,2025-01-12,2025-05-06,L6,Completed
P025,Manager Training 25,Manager Training,2024-07-11,2024-12-09,L2,Completed
P026,Leadership Development 26,Leadership Development,2026-07-27,2026-10-26,L5,Completed
P027,Technical Upskilling 27,Technical Upskilling,2024-12-01,2025-02-17,L4,Completed
P028,Mentorship 28,Mentorship,2024-05-07,2024-09-21,L2,Completed
P029,Career Development 29,Career Development,2026-01-14,2026-06-06,L5,Completed
P030,Manager Training 30,Manager Training,2026-06-17,2026-08-20,L3,Planned
P031,Leadership Development 31,Leadership Development,2026-07-08,2026-08-26,L3,Planned
P032,Technical Upskilling 32,Technical Upskilling,2024-12-20,2025-05-18,L3,Completed
P033,Mentorship 33,Mentorship,2025-01-02,2025-04-07,L2,Completed
P034,Career Development 34,Career Development,2025-03-30,2025-09-25,L3,Completed
P035,Manager Training 35,Manager Training,2024-07-06,2024-09-24,L3,Completed
P036,Leadership Development 36,Leadership Development,2024-12-15,2025-02-07,L6,Completed
P037,Technical Upskilling 37,Technical Upskilling,2026-05-29,2026-07-30,L3,Completed
P038,Mentorship 38,Mentorship,2025-04-12,2025-06-30,L5,Completed
P039,Career Development 39,Career Development,2026-03-20,2026-06-04,L4,Completed
P040,Manager Training 40,Manager Training,2024-09-11,2025-03-01,L3,Completed
